{
  "title": "Get in Touch",
  "intro": "Have a question or ready to start your franchise journey? We'd love to hear from you. Fill out the form below and we'll get back to you within 24 hours.",
  "methods": {
    "emailLabel": "Email",
    "availLabel": "Availability",
    "availText": "Monday - Friday, 9am - 6pm"
  },
  "form": {
    "title": "Send Us a Message",
    "nameLabel": "Your Name",
    "emailLabel": "Email Address",
    "phoneLabel": "Phone Number",
    "subjectLabel": "Subject",
    "messageLabel": "Message",
    "submitButton": "Send Message"
  }
}
