{
  "title": "Find Your Perfect Match",
  "intro": "Tell us about yourself and we'll match you with franchise opportunities that align with your goals, budget, and lifestyle. It's completely free, with no obligation.",
  "formTitle": "Book Your Free Consultation",
  "formFields": {
    "nameLabel": "Your Name",
    "emailLabel": "Email Address",
    "phoneLabel": "Phone Number",
    "locationLabel": "Preferred Location",
    "budgetLabel": "Investment Budget",
    "industryLabel": "Industry Interests",
    "timelineLabel": "Timeline",
    "goalsLabel": "Your Goals",
    "submitButton": "Get My Free Match"
  },
  "nextSteps": {
    "title": "What Happens Next?",
    "steps": [
      {
        "title": "We Review Your Profile",
        "description": "Our team carefully reviews your goals, budget, and preferences to understand what you're looking for."
      },
      {
        "title": "We Find Your Matches",
        "description": "We identify franchise opportunities that genuinely align with your criteria—not just any franchises."
      },
      {
        "title": "We Schedule Your Consultation",
        "description": "We'll arrange a free, no-obligation call to discuss your personalised matches in detail."
      },
      {
        "title": "You Make the Decision",
        "description": "Armed with expert guidance and carefully matched opportunities, you can make an informed choice about your future."
      }
    ]
  },
  "privacy": {
    "title": "Your Privacy Matters",
    "text": "We respect your privacy and will never share your information with third parties without your explicit consent. Your details are used solely to match you with appropriate franchise opportunities."
  }
}
