{
  "title": "Partner With Us",
  "intro": "Are you a franchise brand looking for quality franchisees? We connect experienced, motivated entrepreneurs with franchise opportunities that match their skills and ambitions.",
  "benefits": [
    {
      "title": "Quality Over Quantity",
      "description": "We focus on finding the right franchisees for your brand, not just any franchisees. Our rigorous vetting process ensures you get motivated, capable partners."
    },
    {
      "title": "Experienced Network",
      "description": "Access our network of entrepreneurs with proven business experience, many with hospitality and operational backgrounds."
    },
    {
      "title": "Pre-Qualified Leads",
      "description": "We only introduce franchisees who meet your investment criteria and have been thoroughly assessed for commitment and capability."
    },
    {
      "title": "Transparent Process",
      "description": "Clear communication throughout. We represent both parties fairly, ensuring expectations are aligned from the start."
    },
    {
      "title": "Long-Term Relationships",
      "description": "We're invested in the success of both franchisors and franchisees. Our support doesn't end at signing."
    },
    {
      "title": "Market Expertise",
      "description": "Deep understanding of the UK franchise landscape and what makes successful franchise partnerships."
    }
  ],
  "howItWorks": {
    "title": "How Our Partnership Works",
    "steps": [
      {
        "number": "1",
        "title": "Initial Consultation",
        "description": "We learn about your franchise opportunity, ideal franchisee profile, and support structure."
      },
      {
        "number": "2",
        "title": "Franchisee Matching",
        "description": "We identify candidates from our network who align with your brand values and requirements."
      },
      {
        "number": "3",
        "title": "Introduction & Vetting",
        "description": "We facilitate introductions and provide detailed candidate profiles to help you make informed decisions."
      },
      {
        "number": "4",
        "title": "Ongoing Support",
        "description": "We support both parties through the agreement process and remain available for guidance."
      }
    ]
  },
  "idealPartner": {
    "title": "Our Ideal Franchisor Partners",
    "description": "We work with franchise brands that share our commitment to quality and franchisee success:",
    "criteria": [
      {
        "text": "Proven business model with track record of franchisee success"
      },
      {
        "text": "Comprehensive training and ongoing support systems"
      },
      {
        "text": "Transparent about costs, expectations, and challenges"
      },
      {
        "text": "Genuine interest in franchisee success, not just franchise fees"
      },
      {
        "text": "Strong brand reputation and market positioning"
      },
      {
        "text": "Realistic ROI expectations and financial projections"
      }
    ]
  },
  "cta": {
    "title": "Ready to Find Quality Franchisees?",
    "description": "Let's discuss how we can help you find the right partners to grow your franchise network.",
    "buttonText": "Get in Touch"
  }
}
