{
  "hero": {
    "title": "Finding Your Perfect Franchise Shouldn't Feel Like Guesswork",
    "subtitle": "We match you with franchise opportunities that truly fit your goals, budget, and lifestyle.",
    "description": "With over 30 years of hands-on experience building and scaling franchises across the UK, we know what makes a successful franchisee. We're here to guide you every step of the way—completely free.",
    "primaryButton": "Get Your Free Match",
    "secondaryButton": "Learn About Our Process"
  },
  "stats": {
    "years": "30+",
    "yearsDesc": "Years of combined hospitality & franchising experience",
    "freeLabel": "100%",
    "freeDesc": "Free consultation—no hidden fees, ever",
    "worth": "£19bn+",
    "worthDesc": "UK franchise sector worth"
  },
  "matchPreview": {
    "title": "See Your Personalised Matches",
    "description": "We'll show you a curated selection of franchise opportunities that align with your investment budget, location preferences, and business goals.",
    "buttonText": "Book Your Free Consultation to Unlock Matches"
  },
  "whyChoose": {
    "title": "We've Been Where You Are",
    "text1": "We're not brokers or salespeople. We're franchise operators who've built, scaled, and run successful franchise businesses ourselves—including a 17-site burger chain, an international Pilates franchise, and a multi-unit Asian food brand.",
    "text2": "We've experienced the highs and lows firsthand, and we know that choosing the right franchise is one of the most important decisions you'll make. That's why we're committed to helping you find the right fit, not just any franchise."
  },
  "benefits": [
    {
      "icon": "💯",
      "title": "Completely Free Consultation",
      "description": "No hidden fees, no pressure. Just honest, expert guidance to help you make the right decision."
    },
    {
      "icon": "🎯",
      "title": "Personalised Matching",
      "description": "We don't just throw options at you. We assess your goals, budget, and lifestyle to find franchises that truly fit."
    },
    {
      "icon": "👥",
      "title": "Experienced Advisors",
      "description": "With over 30 years in hospitality and franchising between us, we've seen it all—and we're here to share that knowledge with you."
    }
  ],
  "howItWorks": {
    "title": "How It Works",
    "subtitle": "A simple, transparent process designed to find you the right franchise, not just any franchise."
  },
  "steps": [
    {
      "number": "1",
      "title": "Share Your Goals",
      "description": "Tell us about your investment budget, industry interests, location preferences, and what you're looking for in a business."
    },
    {
      "number": "2",
      "title": "Get Personalised Matches",
      "description": "We'll analyse your profile and match you with franchise opportunities that align with your criteria and goals."
    },
    {
      "number": "3",
      "title": "Free Consultation",
      "description": "Book a free consultation with our experienced advisors to review your matches and get expert guidance."
    },
    {
      "number": "4",
      "title": "Make Your Decision",
      "description": "We'll connect you with the right franchise brands and support you throughout the decision process."
    }
  ],
  "finalCTA": {
    "title": "Ready to Find Your Perfect Franchise?",
    "description": "Book your free, no-obligation consultation with our franchise experts today.",
    "buttonText": "Get Started Now"
  }
}
